Epoch,CTR
  0,0.05
  1,0.04
  2,0.04
  3,0.30
  4,0.22
  5,0.14
  6,0.23
  7,0.03
  8,0.37
  9,0.37
 10,0.38
 11,0.30
 12,0.30
 13,0.33
 14,0.29
 15,0.28
 16,0.27
 17,0.31
 18,0.20
 19,0.24
 20,0.21
 21,0.10
 22,0.15
 23,0.24
 24,0.23
 25,0.12
 26,0.13
 27,0.15
 28,0.12
 29,0.18
 30,0.26
 31,0.24
 32,0.06
 33,0.09
 34,0.21
 35,0.15
 36,0.20
 37,0.18
 38,0.19
 39,0.23
 40,0.18
 41,0.13
 42,0.09
 43,0.15
 44,0.14
 45,0.14
 46,0.18
 47,0.20
 48,0.21
 49,0.17
 50,0.17
 51,0.16
 52,0.14
 53,0.08
 54,0.15
 55,0.13
 56,0.11
 57,0.10
 58,0.10
 59,0.12
 60,0.13
 61,0.05
 62,0.07
 63,0.17
 64,0.08
 65,0.12
 66,0.05
 67,0.04
 68,0.07
 69,0.09
 70,0.12
 71,0.06
 72,0.13
 73,0.14
 74,0.11
 75,0.11
 76,0.07
 77,0.09
 78,0.10
 79,0.10
 80,0.13
 81,0.06
 82,0.06
 83,0.09
 84,0.05
 85,0.08
 86,0.06
 87,0.05
 88,0.11
 89,0.05
 90,0.05
 91,0.05
 92,0.05
 93,0.07
 94,0.04
 95,0.09
 96,0.08
 97,0.04
 98,0.09
 99,0.10
100,0.11
101,0.06
102,0.10
103,0.08
104,0.03
105,0.06
106,0.05
107,0.02
108,0.05
109,0.09
110,0.05
111,0.02
112,0.09
113,0.08
114,0.10
115,0.05
116,0.04
117,0.08
118,0.06
119,0.03
120,0.04
121,0.14
122,0.13
123,0.05
124,0.14
125,0.05
126,0.05
127,0.05
128,0.05
129,0.04
130,0.05
131,0.03
132,0.06
133,0.07
134,0.09
135,0.05
136,0.04
137,0.04
138,0.02
139,0.03
140,0.08
141,0.09
142,0.01
143,0.03
144,0.03
145,0.06
146,0.04
147,0.10
148,0.04
149,0.08
150,0.04
151,0.05
152,0.07
153,0.04
154,0.05
155,0.08
156,0.03
157,0.06
158,0.03
159,0.05
160,0.06
161,0.05
162,0.02
163,0.04
164,0.01
165,0.05
166,0.03
167,0.05
168,0.05
169,0.02
170,0.04
171,0.06
172,0.11
173,0.04
174,0.01
175,0.06
176,0.03
177,0.05
178,0.03
179,0.05
180,0.05
181,0.04
182,0.02
183,0.06
184,0.04
185,0.02
186,0.08
187,0.03
188,0.07
189,0.04
190,0.04
191,0.04
192,0.08
193,0.06
194,0.07
195,0.03
196,0.08
197,0.04
198,0.04
199,0.02
200,0.10
201,0.04
202,0.05
203,0.04
204,0.02
205,0.04
206,0.01
207,0.06
208,0.01
209,0.07
210,0.02
211,0.04
212,0.01
213,0.02
214,0.04
215,0.05
216,0.03
217,0.04
218,0.04
219,0.06
220,0.05
221,0.02
222,0.06
223,0.04
224,0.05
225,0.06
226,0.02
227,0.03
228,0.03
229,0.03
230,0.02
231,0.04
232,0.03
233,0.05
234,0.05
235,0.03
236,0.02
237,0.05
238,0.05
239,0.03
240,0.03
241,0.04
242,0.03
243,0.02
244,0.04
245,0.04
246,0.02
247,0.07
248,0.04
249,0.04
250,0.04
251,0.04
252,0.03
253,0.02
254,0.02
255,0.03
256,0.05
257,0.02
258,0.07
259,0.03
260,0.04
261,0.02
262,0.03
263,0.07
264,0.04
265,0.06
266,0.03
267,0.06
268,0.03
269,0.03
270,0.04
271,0.06
272,0.03
273,0.05
274,0.08
275,0.05
276,0.05
277,0.05
278,0.04
279,0.06
280,0.03
281,0.02
282,0.04
283,0.04
284,0.03
285,0.04
286,0.04
287,0.03
288,0.10
289,0.02
290,0.02
291,0.05
292,0.06
293,0.04
294,0.02
295,0.05
296,0.05
297,0.05
298,0.03
299,0.05
300,0.03
301,0.05
302,0.00
303,0.02
304,0.02
305,0.05
306,0.03
307,0.02
308,0.01
309,0.02
310,0.07
311,0.03
312,0.02
313,0.03
314,0.00
315,0.02
316,0.03
317,0.02
318,0.03
319,0.02
320,0.02
321,0.04
322,0.02
323,0.02
324,0.01
325,0.06
326,0.04
327,0.06
328,0.04
329,0.03
330,0.03
331,0.05
332,0.02
333,0.03
334,0.04
335,0.02
336,0.02
337,0.02
338,0.03
339,0.06
340,0.03
341,0.04
342,0.05
343,0.03
344,0.02
345,0.03
346,0.05
347,0.04
348,0.02
349,0.02
350,0.04
351,0.03
352,0.04
353,0.03
354,0.06
355,0.05
356,0.03
357,0.02
358,0.02
359,0.04
360,0.02
361,0.03
362,0.02
363,0.02
364,0.03
365,0.02
366,0.04
367,0.03
368,0.04
369,0.04
370,0.06
371,0.06
372,0.04
373,0.03
374,0.02
375,0.02
376,0.04
377,0.03
378,0.03
379,0.03
380,0.02
381,0.05
382,0.02
383,0.04
384,0.02
385,0.06
386,0.01
387,0.02
388,0.02
389,0.02
390,0.02
391,0.03
392,0.02
393,0.04
394,0.02
395,0.02
396,0.03
397,0.02
398,0.01
399,0.03
400,0.03
401,0.03
402,0.04
403,0.05
404,0.02
405,0.04
406,0.03
407,0.03
408,0.08
409,0.03
410,0.03
411,0.03
412,0.02
413,0.04
414,0.04
415,0.03
416,0.05
417,0.05
418,0.02
419,0.04
420,0.07
421,0.03
422,0.05
423,0.02
424,0.04
425,0.02
426,0.06
427,0.02
428,0.04
429,0.04
430,0.01
431,0.03
432,0.04
433,0.01
434,0.02
435,0.05
436,0.06
437,0.06
438,0.06
439,0.02
440,0.03
441,0.06
442,0.03
443,0.02
444,0.07
445,0.04
446,0.04
447,0.04
448,0.06
449,0.06
450,0.03
451,0.05
452,0.03
453,0.05
454,0.03
455,0.02
456,0.03
457,0.05
458,0.07
459,0.04
460,0.04
461,0.06
462,0.04
463,0.03
464,0.03
465,0.03
466,0.02
467,0.02
468,0.04
469,0.03
470,0.03
471,0.03
472,0.05
473,0.05
474,0.01
475,0.07
476,0.06
477,0.02
478,0.02
479,0.03
480,0.02
481,0.06
482,0.07
483,0.04
484,0.04
485,0.03
486,0.03
487,0.02
488,0.03
489,0.03
490,0.07
491,0.02
492,0.04
493,0.04
494,0.02
495,0.03
496,0.03
497,0.03
498,0.05
499,0.04
500,0.04
501,0.02
502,0.02
503,0.03
504,0.02
505,0.04
506,0.03
507,0.06
508,0.02
509,0.01
510,0.05
511,0.06
512,0.03
513,0.02
514,0.04
515,0.04
516,0.02
517,0.04
518,0.02
519,0.02
520,0.03
521,0.02
522,0.04
523,0.02
524,0.11
525,0.01
526,0.03
527,0.02
528,0.02
529,0.04
530,0.01
531,0.02
532,0.02
533,0.04
534,0.03
535,0.02
536,0.04
537,0.02
538,0.05
539,0.05
540,0.02
541,0.07
542,0.03
543,0.04
544,0.03
545,0.02
546,0.03
547,0.03
548,0.05
549,0.02
550,0.05
551,0.03
552,0.10
553,0.05
554,0.03
555,0.03
556,0.03
557,0.02
558,0.01
559,0.03
560,0.03
561,0.05
562,0.05
563,0.05
564,0.03
565,0.03
566,0.03
567,0.03
568,0.02
569,0.01
570,0.03
571,0.05
572,0.03
573,0.03
574,0.03
575,0.04
576,0.02
577,0.02
578,0.03
579,0.03
580,0.04
581,0.05
582,0.02
583,0.04
584,0.03
585,0.03
586,0.05
587,0.04
588,0.02
589,0.03
590,0.03
591,0.02
592,0.05
593,0.02
594,0.02
595,0.03
596,0.03
597,0.02
598,0.04
599,0.02
600,0.02
601,0.02
602,0.02
603,0.01
604,0.04
605,0.02
606,0.06
607,0.06
608,0.03
609,0.01
610,0.02
611,0.02
612,0.02
613,0.05
614,0.01
615,0.03
616,0.02
617,0.09
618,0.02
619,0.02
620,0.01
621,0.03
622,0.02
623,0.02
624,0.01
625,0.02
626,0.05
627,0.01
628,0.02
629,0.02
630,0.02
631,0.02
632,0.04
633,0.02
634,0.04
635,0.03
636,0.02
637,0.03
638,0.03
639,0.02
640,0.01
641,0.03
642,0.03
643,0.03
644,0.02
645,0.02
646,0.01
647,0.02
648,0.02
649,0.02
650,0.01
651,0.01
652,0.01
653,0.02
654,0.03
655,0.02
656,0.04
657,0.04
658,0.01
659,0.01
660,0.02
661,0.01
662,0.02
663,0.04
664,0.03
665,0.02
666,0.02
667,0.01
668,0.07
669,0.01
670,0.02
671,0.02
672,0.04
673,0.03
674,0.03
675,0.02
676,0.03
677,0.01
678,0.01
679,0.02
680,0.05
681,0.01
682,0.04
683,0.01
684,0.03
685,0.02
686,0.03
687,0.01
688,0.01
689,0.01
690,0.01
691,0.03
692,0.02
693,0.01
694,0.01
695,0.03
696,0.02
697,0.03
698,0.02
699,0.01
700,0.01
701,0.01
702,0.01
703,0.02
704,0.06
705,0.01
706,0.02
707,0.01
708,0.01
709,0.05
710,0.02
711,0.01
712,0.01
713,0.02
714,0.04
715,0.02
716,0.02
717,0.01
718,0.03
719,0.03
720,0.02
721,0.02
722,0.01
723,0.05
724,0.03
725,0.01
726,0.02
727,0.02
728,0.01
729,0.05
730,0.01
731,0.01
732,0.02
733,0.03
734,0.01
735,0.02
736,0.01
737,0.03
738,0.02
739,0.03
740,0.01
741,0.01
742,0.03
743,0.03
744,0.01
745,0.04
746,0.03
747,0.02
748,0.03
749,0.02
750,0.01
751,0.03
752,0.02
753,0.02
754,0.02
755,0.02
756,0.02
757,0.02
758,0.02
759,0.03
760,0.02
761,0.01
762,0.03
763,0.02
764,0.02
765,0.02
766,0.02
767,0.02
768,0.07
769,0.02
770,0.02
771,0.03
772,0.05
773,0.03
774,0.02
775,0.03
776,0.01
777,0.02
778,0.03
779,0.02
780,0.02
781,0.01
782,0.02
783,0.02
784,0.02
785,0.02
786,0.02
787,0.01
788,0.02
789,0.02
790,0.02
791,0.03
792,0.01
793,0.02
794,0.01
795,0.03
796,0.02
797,0.02
798,0.01
799,0.04
800,0.01
801,0.02
802,0.04
803,0.03
804,0.02
805,0.03
806,0.03
807,0.03
808,0.02
809,0.03
810,0.03
811,0.02
812,0.02
813,0.01
814,0.02
815,0.02
816,0.02
817,0.01
818,0.05
819,0.02
820,0.03
821,0.03
822,0.01
823,0.01
824,0.01
825,0.01
826,0.02
827,0.02
828,0.02
829,0.02
830,0.01
831,0.03
832,0.03
833,0.02
834,0.02
835,0.02
836,0.01
837,0.02
838,0.01
839,0.02
840,0.02
841,0.03
842,0.04
843,0.01
844,0.04
845,0.02
846,0.02
847,0.04
848,0.03
849,0.04
850,0.01
851,0.03
852,0.02
853,0.02
854,0.02
855,0.01
856,0.03
857,0.02
858,0.03
859,0.03
860,0.04
861,0.01
862,0.05
863,0.03
864,0.03
865,0.04
866,0.04
867,0.03
868,0.04
869,0.06
870,0.02
871,0.02
872,0.04
873,0.04
874,0.02
875,0.03
876,0.04
877,0.02
878,0.01
879,0.04
880,0.06
881,0.01
882,0.03
883,0.03
884,0.03
885,0.05
886,0.02
887,0.02
888,0.02
889,0.02
890,0.04
891,0.02
892,0.02
893,0.02
894,0.01
895,0.03
896,0.02
897,0.02
898,0.02
899,0.03
900,0.02
901,0.04
902,0.03
903,0.02
904,0.02
905,0.02
906,0.02
907,0.02
908,0.03
909,0.04
910,0.02
911,0.01
912,0.01
913,0.03
914,0.03
915,0.04
916,0.02
917,0.02
918,0.03
919,0.02
920,0.03
921,0.04
922,0.04
923,0.01
924,0.03
925,0.01
926,0.02
927,0.03
928,0.03
929,0.06
930,0.02
931,0.01
932,0.04
933,0.03
934,0.04
935,0.01
936,0.02
937,0.05
938,0.05
939,0.01
940,0.02
941,0.04
942,0.04
943,0.01
944,0.03
945,0.03
946,0.03
947,0.04
948,0.03
949,0.03
950,0.02
951,0.02
952,0.03
953,0.02
954,0.01
955,0.02
956,0.02
957,0.02
958,0.02
959,0.05
960,0.01
961,0.01
962,0.04
963,0.03
964,0.02
965,0.02
966,0.06
967,0.06
968,0.03
969,0.04
970,0.01
971,0.02
972,0.02
973,0.03
974,0.04
975,0.04
976,0.01
977,0.03
978,0.02
979,0.04
980,0.03
981,0.03
982,0.05
983,0.03
984,0.02
985,0.01
986,0.04
987,0.03
988,0.04
989,0.01
990,0.02
991,0.02
992,0.02
993,0.03
994,0.01
995,0.02
996,0.04
997,0.01
998,0.05
999,0.04
1000,0.03
1001,0.03
1002,0.02
1003,0.02
1004,0.03
1005,0.04
1006,0.01
1007,0.05
1008,0.05
1009,0.05
1010,0.02
1011,0.04
1012,0.08
1013,0.03
1014,0.02
1015,0.05
1016,0.03
1017,0.08
1018,0.02
1019,0.02
1020,0.02
1021,0.03
1022,0.03
1023,0.05
1024,0.07
1025,0.05
1026,0.03
1027,0.03
1028,0.01
1029,0.04
1030,0.03
1031,0.04
1032,0.06
1033,0.01
1034,0.03
1035,0.04
1036,0.06
1037,0.03
1038,0.02
1039,0.04
1040,0.03
1041,0.04
1042,0.01
1043,0.04
1044,0.06
1045,0.01
1046,0.02
1047,0.02
1048,0.05
1049,0.04
1050,0.04
1051,0.05
1052,0.05
1053,0.03
1054,0.02
1055,0.05
1056,0.05
1057,0.04
1058,0.03
1059,0.06
1060,0.02
1061,0.02
1062,0.04
1063,0.03
1064,0.02
1065,0.05
1066,0.03
1067,0.04
1068,0.05
1069,0.03
1070,0.02
1071,0.02
1072,0.08
1073,0.05
1074,0.04
1075,0.05
1076,0.02
1077,0.02
1078,0.05
1079,0.04
1080,0.04
1081,0.06
1082,0.04
1083,0.05
1084,0.03
1085,0.04
1086,0.04
1087,0.04
1088,0.10
1089,0.05
1090,0.02
1091,0.02
1092,0.05
1093,0.03
1094,0.02
1095,0.03
1096,0.03
1097,0.04
1098,0.04
1099,0.04
1100,0.03
1101,0.04
1102,0.06
1103,0.06
1104,0.04
1105,0.02
1106,0.03
1107,0.05
1108,0.04
1109,0.03
1110,0.02
1111,0.03
1112,0.03
1113,0.03
1114,0.04
1115,0.05
1116,0.04
1117,0.01
1118,0.04
1119,0.04
1120,0.03
1121,0.04
1122,0.03
1123,0.02
1124,0.03
1125,0.04
1126,0.03
1127,0.03
1128,0.03
1129,0.02
1130,0.02
1131,0.03
1132,0.01
1133,0.05
1134,0.03
1135,0.06
1136,0.03
1137,0.07
1138,0.02
1139,0.02
1140,0.02
1141,0.03
1142,0.07
1143,0.04
1144,0.01
1145,0.02
1146,0.01
1147,0.01
1148,0.08
1149,0.05
1150,0.03
1151,0.02
1152,0.05
1153,0.03
1154,0.02
1155,0.02
1156,0.02
1157,0.02
1158,0.04
1159,0.01
1160,0.04
1161,0.03
1162,0.03
1163,0.02
1164,0.02
1165,0.06
1166,0.04
1167,0.02
1168,0.02
1169,0.04
1170,0.03
1171,0.03
1172,0.02
1173,0.03
1174,0.01
1175,0.02
1176,0.02
1177,0.05
1178,0.02
1179,0.02
1180,0.02
1181,0.03
1182,0.02
1183,0.03
1184,0.02
1185,0.04
1186,0.02
1187,0.03
1188,0.05
1189,0.01
1190,0.03
1191,0.04
1192,0.03
1193,0.03
1194,0.05
1195,0.04
1196,0.04
1197,0.03
1198,0.06
1199,0.02
1200,0.03
1201,0.04
1202,0.05
1203,0.08
1204,0.05
1205,0.03
1206,0.03
1207,0.06
1208,0.05
1209,0.03
1210,0.02
1211,0.07
1212,0.03
1213,0.05
1214,0.05
1215,0.04
1216,0.07
1217,0.05
1218,0.05
1219,0.05
1220,0.04
1221,0.03
1222,0.05
1223,0.04
1224,0.05
1225,0.07
1226,0.07
1227,0.02
1228,0.03
1229,0.03
1230,0.07
1231,0.03
1232,0.03
1233,0.05
1234,0.03
1235,0.05
1236,0.04
1237,0.05
1238,0.02
1239,0.06
1240,0.05
1241,0.04
1242,0.03
1243,0.09
1244,0.03
1245,0.03
1246,0.04
1247,0.04
1248,0.05
1249,0.04
1250,0.04
1251,0.01
1252,0.02
1253,0.03
1254,0.04
1255,0.03
1256,0.03
1257,0.05
1258,0.02
1259,0.03
1260,0.09
1261,0.03
1262,0.02
1263,0.04
1264,0.05
1265,0.05
1266,0.06
1267,0.03
1268,0.04
1269,0.04
1270,0.02
1271,0.03
1272,0.03
1273,0.05
1274,0.02
1275,0.04
1276,0.04
1277,0.04
1278,0.03
1279,0.02
1280,0.03
1281,0.04
1282,0.05
1283,0.03
1284,0.02
1285,0.02
1286,0.02
1287,0.04
1288,0.05
1289,0.07
1290,0.03
1291,0.03
1292,0.07
1293,0.03
1294,0.04
1295,0.05
1296,0.04
1297,0.04
1298,0.05
1299,0.02
1300,0.05
1301,0.01
1302,0.03
1303,0.03
1304,0.06
1305,0.04
1306,0.03
1307,0.05
1308,0.04
1309,0.04
1310,0.03
1311,0.02
1312,0.02
1313,0.03
1314,0.04
1315,0.02
1316,0.01
1317,0.02
1318,0.03
1319,0.02
1320,0.02
1321,0.03
1322,0.03
1323,0.03
1324,0.03
1325,0.03
1326,0.05
1327,0.01
1328,0.05
1329,0.01
1330,0.02
1331,0.03
1332,0.04
1333,0.02
1334,0.02
1335,0.02
1336,0.03
1337,0.06
1338,0.01
1339,0.02
1340,0.02
1341,0.02
1342,0.04
1343,0.02
1344,0.03
1345,0.02
1346,0.04
1347,0.03
1348,0.02
1349,0.02
1350,0.03
1351,0.03
1352,0.02
1353,0.03
1354,0.03
1355,0.02
1356,0.06
1357,0.05
1358,0.02
1359,0.03
1360,0.02
1361,0.03
1362,0.03
1363,0.03
1364,0.03
1365,0.02
1366,0.02
1367,0.03
1368,0.04
1369,0.04
1370,0.02
1371,0.02
1372,0.02
1373,0.04
1374,0.03
1375,0.01
1376,0.02
1377,0.04
1378,0.01
1379,0.02
1380,0.02
1381,0.04
1382,0.01
1383,0.02
1384,0.02
1385,0.04
1386,0.02
1387,0.02
1388,0.02
1389,0.02
1390,0.03
1391,0.04
1392,0.03
1393,0.01
1394,0.01
1395,0.02
1396,0.04
1397,0.02
1398,0.02
1399,0.06
1400,0.02
1401,0.02
1402,0.09
1403,0.04
1404,0.03
1405,0.03
1406,0.07
1407,0.03
1408,0.02
1409,0.04
1410,0.04
1411,0.03
1412,0.03
1413,0.01
1414,0.04
1415,0.03
1416,0.01
1417,0.03
1418,0.03
1419,0.09
1420,0.02
1421,0.03
1422,0.04
1423,0.02
1424,0.02
1425,0.03
1426,0.04
1427,0.02
1428,0.02
1429,0.06
1430,0.06
1431,0.03
1432,0.02
1433,0.02
1434,0.03
1435,0.02
1436,0.02
1437,0.04
1438,0.05
1439,0.03
1440,0.02
1441,0.02
1442,0.03
1443,0.02
1444,0.03
1445,0.03
1446,0.02
1447,0.02
1448,0.01
1449,0.02
1450,0.01
1451,0.02
1452,0.04
1453,0.01
1454,0.03
1455,0.03
1456,0.02
1457,0.03
1458,0.01
1459,0.03
1460,0.02
1461,0.03
1462,0.03
1463,0.03
1464,0.03
1465,0.01
1466,0.04
1467,0.03
1468,0.03
1469,0.02
1470,0.04
1471,0.02
1472,0.01
1473,0.05
1474,0.02
1475,0.02
1476,0.03
1477,0.02
1478,0.01
1479,0.02
1480,0.06
1481,0.03
1482,0.01
1483,0.04
1484,0.03
1485,0.02
1486,0.01
1487,0.02
1488,0.01
1489,0.02
1490,0.01
1491,0.02
1492,0.02
1493,0.01
1494,0.03
1495,0.03
1496,0.02
1497,0.04
1498,0.03
1499,0.01
1500,0.01
1501,0.02
1502,0.05
1503,0.01
1504,0.05
1505,0.02
1506,0.06
1507,0.04
1508,0.02
1509,0.05
1510,0.05
1511,0.02
1512,0.02
1513,0.02
1514,0.01
1515,0.02
1516,0.01
1517,0.01
1518,0.02
1519,0.03
1520,0.04
1521,0.03
1522,0.01
1523,0.06
1524,0.02
1525,0.02
1526,0.03
1527,0.01
1528,0.01
1529,0.03
1530,0.03
1531,0.06
1532,0.03
1533,0.02
1534,0.02
1535,0.03
1536,0.03
1537,0.02
1538,0.02
1539,0.03
1540,0.02
1541,0.02
1542,0.02
1543,0.02
1544,0.03
1545,0.05
1546,0.03
1547,0.03
1548,0.02
1549,0.02
1550,0.03
1551,0.03
1552,0.02
1553,0.02
1554,0.03
1555,0.02
1556,0.02
1557,0.03
1558,0.03
1559,0.02
1560,0.02
1561,0.02
1562,0.05
1563,0.01
1564,0.03
1565,0.04
1566,0.01
1567,0.02
1568,0.04
1569,0.02
1570,0.03
1571,0.08
1572,0.02
1573,0.02
1574,0.06
1575,0.05
1576,0.05
1577,0.06
1578,0.01
1579,0.05
1580,0.01
1581,0.03
1582,0.04
1583,0.02
1584,0.01
1585,0.02
1586,0.04
1587,0.01
1588,0.02
1589,0.03
1590,0.02
1591,0.03
1592,0.02
1593,0.02
1594,0.03
1595,0.01
1596,0.02
1597,0.02
1598,0.02
1599,0.02
1600,0.03
1601,0.02
1602,0.01
1603,0.02
1604,0.02
1605,0.08
1606,0.03
1607,0.03
1608,0.03
1609,0.03
1610,0.07
1611,0.04
1612,0.03
1613,0.03
1614,0.02
1615,0.02
1616,0.01
1617,0.00
1618,0.04
1619,0.01
1620,0.03
1621,0.02
1622,0.04
1623,0.01
1624,0.05
1625,0.03
1626,0.03
1627,0.02
1628,0.03
1629,0.03
1630,0.05
1631,0.03
1632,0.02
1633,0.03
1634,0.04
1635,0.03
1636,0.02
1637,0.02
1638,0.02
1639,0.02
1640,0.01
1641,0.01
1642,0.02
1643,0.04
1644,0.01
1645,0.03
1646,0.05
1647,0.02
1648,0.02
1649,0.04
1650,0.05
1651,0.03
1652,0.04
1653,0.05
1654,0.06
1655,0.03
1656,0.05
1657,0.02
1658,0.03
1659,0.04
1660,0.03
1661,0.03
1662,0.01
1663,0.05
1664,0.04
1665,0.01
1666,0.02
1667,0.02
1668,0.03
1669,0.05
1670,0.02
1671,0.02
1672,0.04
1673,0.02
1674,0.03
1675,0.02
1676,0.04
1677,0.04
1678,0.03
1679,0.06
1680,0.03
1681,0.01
1682,0.04
1683,0.04
1684,0.03
1685,0.02
1686,0.05
1687,0.04
1688,0.04
1689,0.03
1690,0.02
1691,0.06
1692,0.01
1693,0.03
1694,0.03
1695,0.03
1696,0.03
1697,0.02
1698,0.04
1699,0.06
1700,0.04
1701,0.02
1702,0.02
1703,0.09
1704,0.02
1705,0.03
1706,0.02
1707,0.04
1708,0.03
1709,0.07
1710,0.02
1711,0.04
1712,0.03
1713,0.05
1714,0.03
1715,0.04
1716,0.04
1717,0.03
1718,0.04
1719,0.02
1720,0.01
1721,0.02
1722,0.06
1723,0.05
1724,0.04
1725,0.04
1726,0.03
1727,0.04
1728,0.05
1729,0.03
1730,0.06
1731,0.05
1732,0.03
1733,0.01
1734,0.03
1735,0.02
1736,0.03
1737,0.04
1738,0.03
1739,0.03
1740,0.04
1741,0.01
1742,0.02
1743,0.05
1744,0.01
1745,0.06
1746,0.05
1747,0.02
1748,0.02
1749,0.02
1750,0.01
1751,0.01
1752,0.03
1753,0.03
1754,0.01
1755,0.01
1756,0.01
1757,0.02
1758,0.01
1759,0.01
1760,0.01
1761,0.03
1762,0.02
1763,0.03
1764,0.02
1765,0.03
1766,0.02
1767,0.04
1768,0.03
1769,0.01
1770,0.01
1771,0.02
1772,0.02
1773,0.01
1774,0.02
1775,0.04
1776,0.02
1777,0.03
1778,0.03
1779,0.03
1780,0.02
1781,0.04
1782,0.01
1783,0.02
1784,0.01
1785,0.01
1786,0.01
1787,0.02
1788,0.00
1789,0.01
1790,0.02
1791,0.02
1792,0.01
1793,0.03
1794,0.01
1795,0.03
1796,0.01
1797,0.02
1798,0.03
1799,0.02
1800,0.03
1801,0.03
1802,0.01
1803,0.04
1804,0.02
1805,0.01
1806,0.01
1807,0.01
1808,0.01
1809,0.01
1810,0.05
1811,0.02
1812,0.02
1813,0.03
1814,0.01
1815,0.02
1816,0.01
1817,0.02
1818,0.04
1819,0.01
1820,0.02
1821,0.02
1822,0.01
1823,0.01
1824,0.03
1825,0.04
1826,0.05
1827,0.01
1828,0.04
1829,0.02
1830,0.04
1831,0.03
1832,0.02
1833,0.02
1834,0.01
1835,0.02
1836,0.01
1837,0.01
1838,0.05
1839,0.05
1840,0.03
1841,0.01
1842,0.00
1843,0.01
1844,0.01
1845,0.03
1846,0.02
1847,0.02
1848,0.03
1849,0.04
1850,0.01
1851,0.02
1852,0.07
1853,0.03
1854,0.03
1855,0.02
1856,0.02
1857,0.03
1858,0.02
1859,0.03
1860,0.02
1861,0.03
1862,0.03
1863,0.01
1864,0.02
1865,0.02
1866,0.02
1867,0.01
1868,0.05
1869,0.04
1870,0.02
1871,0.01
1872,0.03
1873,0.02
1874,0.05
1875,0.03
1876,0.01
1877,0.02
1878,0.01
1879,0.05
1880,0.05
1881,0.02
1882,0.04
1883,0.01
1884,0.01
1885,0.04
1886,0.03
1887,0.04
1888,0.03
1889,0.02
1890,0.01
1891,0.03
1892,0.08
1893,0.04
1894,0.02
1895,0.01
1896,0.02
1897,0.03
1898,0.03
1899,0.05
1900,0.03
1901,0.02
1902,0.01
1903,0.03
1904,0.02
1905,0.03
1906,0.06
1907,0.02
1908,0.02
1909,0.03
1910,0.03
1911,0.02
1912,0.05
1913,0.07
1914,0.02
1915,0.04
1916,0.01
1917,0.01
1918,0.02
1919,0.03
1920,0.02
1921,0.02
1922,0.03
1923,0.03
1924,0.02
1925,0.05
1926,0.01
1927,0.02
1928,0.02
1929,0.05
1930,0.01
1931,0.03
1932,0.05
1933,0.03
1934,0.01
1935,0.01
1936,0.02
1937,0.05
1938,0.01
1939,0.04
1940,0.03
1941,0.02
1942,0.04
1943,0.03
1944,0.03
1945,0.04
1946,0.04
1947,0.05
1948,0.03
1949,0.04
1950,0.01
1951,0.01
1952,0.04
1953,0.04
1954,0.02
1955,0.02
1956,0.01
1957,0.03
1958,0.04
1959,0.02
1960,0.07
1961,0.01
1962,0.03
1963,0.03
1964,0.02
1965,0.01
1966,0.03
1967,0.03
1968,0.03
1969,0.04
1970,0.02
1971,0.02
1972,0.02
1973,0.03
1974,0.03
1975,0.03
1976,0.02
1977,0.03
1978,0.02
1979,0.07
1980,0.04
1981,0.02
1982,0.03
1983,0.01
1984,0.02
1985,0.02
1986,0.02
1987,0.07
1988,0.02
1989,0.04
1990,0.04
1991,0.02
1992,0.04
1993,0.01
1994,0.01
1995,0.03
1996,0.05
1997,0.03
1998,0.01
1999,0.02
2000,0.04
2001,0.05
2002,0.04
2003,0.02
2004,0.03
2005,0.01
2006,0.02
2007,0.01
2008,0.02
2009,0.04
2010,0.05
2011,0.02
2012,0.04
2013,0.01
2014,0.02
2015,0.04
2016,0.03
2017,0.05
2018,0.02
2019,0.06
2020,0.02
2021,0.02
2022,0.03
2023,0.01
2024,0.02
2025,0.03
2026,0.02
2027,0.02
2028,0.05
2029,0.03
2030,0.02
2031,0.02
2032,0.03
2033,0.04
2034,0.02
2035,0.03
2036,0.03
2037,0.03
2038,0.01
2039,0.01
2040,0.06
2041,0.01
2042,0.01
2043,0.02
2044,0.03
2045,0.02
2046,0.01
2047,0.02
2048,0.01
2049,0.02
2050,0.04
2051,0.02
2052,0.02
2053,0.04
2054,0.02
2055,0.00
2056,0.03
2057,0.03
2058,0.06
2059,0.02
2060,0.02
2061,0.01
2062,0.01
2063,0.02
2064,0.01
2065,0.04
2066,0.02
2067,0.01
2068,0.02
2069,0.02
2070,0.00
2071,0.01
2072,0.03
2073,0.02
2074,0.04
2075,0.03
2076,0.02
2077,0.01
2078,0.01
2079,0.03
2080,0.06
2081,0.02
2082,0.02
2083,0.05
2084,0.02
2085,0.02
2086,0.01
2087,0.04
2088,0.01
2089,0.02
2090,0.05
2091,0.01
2092,0.02
2093,0.01
2094,0.04
2095,0.01
2096,0.02
2097,0.00
2098,0.04
2099,0.03
2100,0.02
2101,0.04
2102,0.02
2103,0.02
2104,0.01
2105,0.02
2106,0.02
2107,0.02
2108,0.03
2109,0.04
2110,0.03
2111,0.01
2112,0.02
2113,0.02
2114,0.02
2115,0.03
2116,0.02
2117,0.01
2118,0.01
2119,0.02
2120,0.00
2121,0.02
2122,0.03
2123,0.05
2124,0.01
2125,0.03
2126,0.02
2127,0.02
2128,0.01
2129,0.01
2130,0.02
2131,0.02
2132,0.02
2133,0.02
2134,0.04
2135,0.02
2136,0.01
2137,0.03
2138,0.00
2139,0.04
2140,0.03
2141,0.02
2142,0.01
2143,0.01
2144,0.04
2145,0.03
2146,0.04
2147,0.03
2148,0.04
2149,0.02
2150,0.03
2151,0.02
2152,0.01
2153,0.01
2154,0.02
2155,0.06
2156,0.02
2157,0.02
2158,0.04
2159,0.02
2160,0.01
2161,0.03
2162,0.03
2163,0.01
2164,0.03
2165,0.03
2166,0.02
2167,0.04
2168,0.02
2169,0.02
2170,0.02
2171,0.03
2172,0.03
2173,0.03
2174,0.03
2175,0.00
2176,0.03
2177,0.01
2178,0.02
2179,0.03
2180,0.04
2181,0.03
2182,0.03
2183,0.04
2184,0.03
2185,0.02
2186,0.03
2187,0.02
2188,0.04
2189,0.02
2190,0.05
2191,0.03
2192,0.03
2193,0.02
2194,0.03
2195,0.02
2196,0.02
2197,0.02
2198,0.01
2199,0.03
2200,0.03
2201,0.02
2202,0.02
2203,0.04
2204,0.03
2205,0.02
2206,0.04
2207,0.04
2208,0.02
2209,0.02
2210,0.02
2211,0.02
2212,0.03
2213,0.02
2214,0.01
2215,0.03
2216,0.03
2217,0.01
2218,0.02
2219,0.02
2220,0.03
2221,0.02
2222,0.02
2223,0.03
2224,0.03
2225,0.04
2226,0.03
2227,0.01
2228,0.02
2229,0.04
2230,0.03
2231,0.01
2232,0.02
2233,0.03
2234,0.04
2235,0.02
2236,0.03
2237,0.05
2238,0.03
2239,0.02
2240,0.01
2241,0.01
2242,0.03
2243,0.01
2244,0.02
2245,0.02
2246,0.01
2247,0.02
2248,0.02
2249,0.03
2250,0.07
2251,0.04
2252,0.02
2253,0.01
2254,0.05
2255,0.03
2256,0.02
2257,0.02
2258,0.01
2259,0.03
2260,0.01
2261,0.01
2262,0.03
2263,0.03
2264,0.02
2265,0.03
2266,0.04
2267,0.03
2268,0.04
2269,0.04
2270,0.02
2271,0.04
2272,0.08
2273,0.07
2274,0.06
2275,0.02
2276,0.05
2277,0.06
2278,0.09
2279,0.03
2280,0.01
2281,0.02
2282,0.06
2283,0.05
2284,0.05
2285,0.05
2286,0.02
2287,0.04
2288,0.03
2289,0.02
2290,0.07
2291,0.06
2292,0.04
2293,0.04
2294,0.02
2295,0.06
2296,0.03
2297,0.05
2298,0.04
2299,0.04
2300,0.04
2301,0.04
2302,0.03
2303,0.01
2304,0.01
2305,0.02
2306,0.02
2307,0.01
2308,0.04
2309,0.02
2310,0.03
2311,0.03
2312,0.01
2313,0.02
2314,0.02
2315,0.04
2316,0.09
2317,0.03
2318,0.03
2319,0.08
2320,0.02
2321,0.05
2322,0.06
2323,0.05
2324,0.08
2325,0.02
2326,0.04
2327,0.04
2328,0.02
2329,0.05
2330,0.02
2331,0.02
2332,0.05
2333,0.02
2334,0.01
2335,0.02
2336,0.04
2337,0.02
2338,0.02
2339,0.03
2340,0.03
2341,0.03
2342,0.03
2343,0.04
2344,0.03
2345,0.01
2346,0.05
2347,0.02
2348,0.03
2349,0.02
2350,0.03
2351,0.01
2352,0.03
2353,0.02
2354,0.01
2355,0.02
2356,0.01
2357,0.04
2358,0.05
2359,0.07
2360,0.03
2361,0.05
2362,0.02
2363,0.03
2364,0.01
2365,0.03
2366,0.01
2367,0.02
2368,0.02
2369,0.04
2370,0.03
2371,0.01
2372,0.01
2373,0.03
2374,0.02
2375,0.01
2376,0.01
2377,0.03
2378,0.03
2379,0.01
2380,0.00
2381,0.01
2382,0.02
2383,0.03
2384,0.04
2385,0.01
2386,0.01
2387,0.02
2388,0.02
2389,0.02
2390,0.02
2391,0.01
2392,0.00
2393,0.01
2394,0.03
2395,0.01
2396,0.06
2397,0.05
2398,0.03
2399,0.06
2400,0.01
2401,0.03
2402,0.04
2403,0.06
2404,0.06
2405,0.03
2406,0.02
2407,0.06
2408,0.03
2409,0.07
2410,0.02
2411,0.03
2412,0.01
2413,0.04
2414,0.03
2415,0.03
2416,0.03
2417,0.02
2418,0.06
2419,0.07
2420,0.02
2421,0.03
2422,0.01
2423,0.02
2424,0.02
2425,0.03
2426,0.03
2427,0.07
2428,0.03
2429,0.01
2430,0.01
2431,0.02
2432,0.01
2433,0.03
2434,0.01
2435,0.02
2436,0.03
2437,0.02
2438,0.02
2439,0.02
2440,0.02
2441,0.03
2442,0.03
2443,0.03
2444,0.02
2445,0.01
2446,0.02
2447,0.01
2448,0.02
2449,0.02
2450,0.02
2451,0.00
2452,0.01
2453,0.02
2454,0.02
2455,0.03
2456,0.02
2457,0.04
2458,0.03
2459,0.04
2460,0.03
2461,0.04
2462,0.02
2463,0.03
2464,0.03
2465,0.03
2466,0.01
2467,0.03
2468,0.03
2469,0.04
2470,0.02
2471,0.03
2472,0.02
2473,0.01
2474,0.02
2475,0.02
2476,0.03
2477,0.01
2478,0.14
2479,0.02
2480,0.02
2481,0.04
2482,0.01
2483,0.01
2484,0.05
2485,0.01
2486,0.03
2487,0.01
2488,0.05
2489,0.03
2490,0.04
2491,0.02
2492,0.07
2493,0.01
2494,0.03
2495,0.04
2496,0.03
2497,0.04
2498,0.04
2499,0.03
2500,0.03
2501,0.03
2502,0.03
2503,0.02
2504,0.02
2505,0.03
2506,0.03
2507,0.02
2508,0.04
2509,0.02
2510,0.02
2511,0.04
2512,0.02
2513,0.02
2514,0.02
2515,0.02
2516,0.03
2517,0.06
2518,0.03
2519,0.02
2520,0.04
2521,0.01
2522,0.04
2523,0.02
2524,0.02
2525,0.01
2526,0.03
2527,0.02
2528,0.03
2529,0.03
2530,0.02
2531,0.01
2532,0.04
2533,0.02
2534,0.02
2535,0.04
2536,0.02
2537,0.03
2538,0.03
2539,0.02
2540,0.06
2541,0.02
2542,0.01
2543,0.02
2544,0.03
2545,0.01
2546,0.01
2547,0.05
2548,0.03
2549,0.03
2550,0.03
2551,0.01
2552,0.06
2553,0.02
2554,0.05
2555,0.03
2556,0.01
2557,0.01
2558,0.02
2559,0.03
2560,0.01
2561,0.07
2562,0.03
2563,0.01
2564,0.05
2565,0.03
2566,0.07
2567,0.04
2568,0.03
2569,0.04
2570,0.01
2571,0.02
2572,0.02
2573,0.01
2574,0.04
2575,0.01
2576,0.07
2577,0.05
2578,0.02
2579,0.03
2580,0.01
2581,0.03
2582,0.04
2583,0.02
2584,0.03
2585,0.06
2586,0.01
2587,0.01
2588,0.04
2589,0.05
2590,0.04
2591,0.02
2592,0.06
2593,0.02
2594,0.02
2595,0.03
2596,0.01
2597,0.08
2598,0.03
2599,0.01
2600,0.01
2601,0.03
2602,0.02
2603,0.01
2604,0.04
2605,0.03
2606,0.03
2607,0.02
2608,0.02
2609,0.02
2610,0.01
2611,0.02
2612,0.02
2613,0.01
2614,0.02
2615,0.03
2616,0.03
2617,0.07
2618,0.03
2619,0.04
2620,0.04
2621,0.02
2622,0.01
2623,0.02
2624,0.05
2625,0.01
2626,0.04
2627,0.02
2628,0.04
2629,0.02
2630,0.01
2631,0.05
2632,0.02
2633,0.03
2634,0.01
2635,0.03
2636,0.01
2637,0.02
2638,0.02
2639,0.02
2640,0.02
2641,0.01
2642,0.02
2643,0.03
2644,0.04
2645,0.07
2646,0.06
2647,0.04
2648,0.03
2649,0.03
2650,0.02
2651,0.02
2652,0.01
2653,0.02
2654,0.03
2655,0.04
2656,0.02
2657,0.02
2658,0.01
2659,0.01
2660,0.03
2661,0.02
2662,0.02
2663,0.03
2664,0.03
2665,0.05
2666,0.01
2667,0.01
2668,0.06
2669,0.03
2670,0.03
2671,0.02
2672,0.04
2673,0.07
2674,0.03
2675,0.01
2676,0.02
2677,0.02
2678,0.04
2679,0.03
2680,0.04
2681,0.02
2682,0.02
2683,0.08
2684,0.04
2685,0.03
2686,0.01
2687,0.01
2688,0.00
2689,0.01
2690,0.02
2691,0.01
2692,0.02
2693,0.06
2694,0.02
2695,0.03
2696,0.03
2697,0.03
2698,0.02
2699,0.02
2700,0.05
2701,0.03
2702,0.07
2703,0.08
2704,0.03
2705,0.02
2706,0.02
2707,0.02
2708,0.02
2709,0.01
2710,0.01
2711,0.02
2712,0.03
2713,0.03
2714,0.01
2715,0.02
2716,0.05
2717,0.01
2718,0.02
2719,0.01
2720,0.03
2721,0.00
2722,0.04
2723,0.02
2724,0.01
2725,0.02
2726,0.01
2727,0.02
2728,0.01
2729,0.02
2730,0.01
2731,0.02
2732,0.02
2733,0.03
2734,0.00
2735,0.01
2736,0.02
2737,0.02
2738,0.03
2739,0.05
2740,0.03
2741,0.02
2742,0.02
2743,0.03
2744,0.02
2745,0.03
2746,0.05
2747,0.02
2748,0.02
2749,0.03
2750,0.01
2751,0.01
2752,0.01
2753,0.01
2754,0.02
2755,0.02
2756,0.01
2757,0.04
2758,0.01
2759,0.01
2760,0.04
2761,0.02
2762,0.04
2763,0.02
2764,0.01
2765,0.02
2766,0.01
2767,0.05
2768,0.03
2769,0.04
2770,0.02
2771,0.07
2772,0.01
2773,0.02
2774,0.02
2775,0.02
2776,0.04
2777,0.01
2778,0.02
2779,0.04
2780,0.05
2781,0.05
2782,0.04
2783,0.04
2784,0.02
2785,0.03
2786,0.02
2787,0.03
2788,0.04
2789,0.04
2790,0.05
2791,0.03
2792,0.04
2793,0.04
2794,0.02
2795,0.05
2796,0.02
2797,0.04
2798,0.04
2799,0.05
2800,0.02
2801,0.04
2802,0.01
2803,0.06
2804,0.05
2805,0.02
2806,0.04
2807,0.03
2808,0.06
2809,0.03
2810,0.02
2811,0.04
2812,0.03
2813,0.03
2814,0.02
2815,0.01
2816,0.02
2817,0.03
2818,0.06
2819,0.02
2820,0.01
2821,0.05
2822,0.03
2823,0.02
2824,0.02
2825,0.01
2826,0.01
2827,0.06
2828,0.06
2829,0.03
2830,0.05
2831,0.02
2832,0.03
2833,0.04
2834,0.03
2835,0.03
2836,0.06
2837,0.03
2838,0.04
2839,0.01
2840,0.04
2841,0.02
2842,0.03
2843,0.03
2844,0.02
2845,0.02
2846,0.04
2847,0.02
2848,0.02
2849,0.01
2850,0.05
2851,0.02
2852,0.03
2853,0.02
2854,0.01
2855,0.01
2856,0.07
2857,0.03
2858,0.02
2859,0.04
2860,0.04
2861,0.02
2862,0.02
2863,0.02
2864,0.02
2865,0.02
2866,0.03
2867,0.03
2868,0.02
2869,0.02
2870,0.01
2871,0.07
2872,0.03
2873,0.01
2874,0.04
2875,0.04
2876,0.01
2877,0.02
2878,0.01
2879,0.01
2880,0.01
2881,0.01
2882,0.02
2883,0.05
2884,0.03
2885,0.01
2886,0.01
2887,0.01
2888,0.02
2889,0.04
2890,0.04
2891,0.04
2892,0.01
2893,0.02
2894,0.02
2895,0.03
2896,0.02
2897,0.01
2898,0.03
2899,0.02
2900,0.04
2901,0.03
2902,0.01
2903,0.01
2904,0.03
2905,0.03
2906,0.02
2907,0.02
2908,0.02
2909,0.03
2910,0.01
2911,0.01
2912,0.01
2913,0.02
2914,0.02
2915,0.02
2916,0.01
2917,0.02
2918,0.02
2919,0.03
2920,0.02
2921,0.01
2922,0.03
2923,0.01
2924,0.01
2925,0.04
2926,0.01
2927,0.10
2928,0.03
2929,0.03
2930,0.03
2931,0.02
2932,0.02
2933,0.05
2934,0.02
2935,0.02
2936,0.03
2937,0.03
2938,0.02
2939,0.05
2940,0.02
2941,0.03
2942,0.03
2943,0.02
2944,0.03
2945,0.01
2946,0.02
2947,0.03
2948,0.01
2949,0.02
2950,0.03
2951,0.03
2952,0.03
2953,0.02
2954,0.03
2955,0.03
2956,0.03
2957,0.04
2958,0.01
2959,0.01
2960,0.02
2961,0.03
2962,0.02
2963,0.02
2964,0.03
2965,0.02
2966,0.02
2967,0.02
2968,0.02
2969,0.02
2970,0.05
2971,0.02
2972,0.01
2973,0.01
2974,0.01
2975,0.02
2976,0.02
2977,0.02
2978,0.02
2979,0.02
2980,0.03
2981,0.01
2982,0.02
2983,0.02
2984,0.03
2985,0.02
2986,0.02
2987,0.05
2988,0.02
2989,0.03
2990,0.02
2991,0.01
2992,0.04
2993,0.03
2994,0.03
2995,0.03
2996,0.01
2997,0.02
2998,0.07
2999,0.01
3000,0.03
3001,0.02
3002,0.06
3003,0.02
3004,0.00
3005,0.03
3006,0.03
3007,0.05
3008,0.02
3009,0.03
3010,0.03
3011,0.01
3012,0.03
3013,0.04
3014,0.01
3015,0.03
3016,0.01
3017,0.02
3018,0.01
3019,0.03
3020,0.02
3021,0.01
3022,0.03
3023,0.01
3024,0.02
3025,0.01
3026,0.01
3027,0.01
3028,0.03
3029,0.01
3030,0.02
3031,0.01
3032,0.02
3033,0.01
3034,0.03
3035,0.03
3036,0.02
3037,0.01
3038,0.01
3039,0.01
3040,0.02
3041,0.02
3042,0.02
3043,0.02
3044,0.01
3045,0.02
3046,0.01
3047,0.02
3048,0.02
3049,0.02
3050,0.02
3051,0.03
3052,0.01
3053,0.04
3054,0.02
3055,0.02
3056,0.01
3057,0.02
3058,0.02
3059,0.02
3060,0.03
3061,0.02
3062,0.02
3063,0.02
3064,0.05
3065,0.02
3066,0.03
3067,0.03
3068,0.05
3069,0.06
3070,0.02
3071,0.03
3072,0.04
3073,0.01
3074,0.01
3075,0.02
3076,0.01
3077,0.02
3078,0.01
3079,0.07
3080,0.04
3081,0.02
3082,0.01
3083,0.01
3084,0.02
3085,0.02
3086,0.02
3087,0.01
3088,0.02
3089,0.01
3090,0.01
3091,0.03
3092,0.01
3093,0.03
3094,0.02
3095,0.02
3096,0.04
3097,0.03
3098,0.01
3099,0.04
3100,0.03
3101,0.01
3102,0.05
3103,0.02
3104,0.02
3105,0.03
3106,0.02
3107,0.01
3108,0.02
3109,0.01
3110,0.01
3111,0.03
3112,0.01
3113,0.03
3114,0.02
3115,0.03
3116,0.02
3117,0.01
3118,0.01
3119,0.01
3120,0.02
3121,0.08
3122,0.03
3123,0.02
3124,0.02
3125,0.03
3126,0.03
3127,0.04
3128,0.02
3129,0.01
3130,0.01
3131,0.04
3132,0.03
3133,0.01
3134,0.00
3135,0.01
3136,0.01
3137,0.03
3138,0.01
3139,0.02
3140,0.01
3141,0.02
3142,0.03
3143,0.03
3144,0.01
3145,0.03
3146,0.08
3147,0.02
3148,0.06
3149,0.04
3150,0.03
3151,0.03
3152,0.01
3153,0.02
3154,0.02
3155,0.02
3156,0.00
3157,0.02
3158,0.03
3159,0.01
3160,0.01
3161,0.03
3162,0.04
3163,0.01
3164,0.03
3165,0.02
3166,0.00
3167,0.03
3168,0.02
3169,0.01
3170,0.03
3171,0.02
3172,0.03
3173,0.01
3174,0.01
3175,0.02
3176,0.03
3177,0.02
3178,0.02
3179,0.02
3180,0.00
3181,0.04
3182,0.02
3183,0.07
3184,0.02
3185,0.01
3186,0.07
3187,0.00
3188,0.04
3189,0.04
3190,0.04
3191,0.03
3192,0.01
3193,0.02
3194,0.02
3195,0.02
3196,0.03
3197,0.10
3198,0.02
3199,0.01
3200,0.02
3201,0.02
3202,0.02
3203,0.03
3204,0.02
3205,0.03
3206,0.02
3207,0.06
3208,0.02
3209,0.01
3210,0.02
3211,0.01
3212,0.03
3213,0.01
3214,0.04
3215,0.03
3216,0.03
3217,0.04
3218,0.11
3219,0.05
3220,0.03
3221,0.03
3222,0.01
3223,0.06
3224,0.02
3225,0.01
3226,0.03
3227,0.02
3228,0.06
3229,0.02
3230,0.02
3231,0.01
3232,0.02
3233,0.07
3234,0.03
3235,0.03
3236,0.03
3237,0.04
3238,0.04
3239,0.01
3240,0.05
3241,0.01
3242,0.01
3243,0.00
3244,0.07
3245,0.03
3246,0.06
3247,0.02
3248,0.01
3249,0.02
3250,0.03
3251,0.05
3252,0.04
3253,0.04
3254,0.02
3255,0.02
3256,0.03
3257,0.02
3258,0.03
3259,0.05
3260,0.02
3261,0.04
3262,0.06
3263,0.04
3264,0.05
3265,0.02
3266,0.03
3267,0.02
3268,0.02
3269,0.05
3270,0.07
3271,0.01
3272,0.03
3273,0.02
3274,0.02
3275,0.02
3276,0.01
3277,0.02
3278,0.02
3279,0.03
3280,0.03
3281,0.03
3282,0.03
3283,0.03
3284,0.02
3285,0.01
3286,0.04
3287,0.04
3288,0.02
3289,0.02
3290,0.02
3291,0.01
3292,0.02
3293,0.01
3294,0.03
3295,0.06
3296,0.03
3297,0.02
3298,0.02
3299,0.01
3300,0.02
3301,0.03
3302,0.05
3303,0.05
3304,0.02
3305,0.04
3306,0.01
3307,0.01
3308,0.06
3309,0.04
3310,0.03
3311,0.06
3312,0.04
3313,0.04
3314,0.03
3315,0.01
3316,0.01
3317,0.01
3318,0.04
3319,0.03
3320,0.03
3321,0.02
3322,0.03
3323,0.04
3324,0.03
3325,0.05
3326,0.01
3327,0.01
3328,0.02
3329,0.02
3330,0.01
3331,0.03
3332,0.04
3333,0.05
3334,0.03
3335,0.04
3336,0.05
3337,0.08
3338,0.03
3339,0.04
3340,0.03
3341,0.04
3342,0.01
3343,0.01
3344,0.03
3345,0.03
3346,0.03
3347,0.05
3348,0.02
3349,0.02
3350,0.01
3351,0.02
3352,0.03
3353,0.02
3354,0.01
3355,0.02
3356,0.02
3357,0.01
3358,0.04
3359,0.05
3360,0.04
3361,0.03
3362,0.06
3363,0.02
3364,0.09
3365,0.02
3366,0.02
3367,0.05
3368,0.04
3369,0.03
3370,0.03
3371,0.02
3372,0.02
3373,0.03
3374,0.04
3375,0.04
3376,0.02
3377,0.03
3378,0.03
3379,0.02
3380,0.01
3381,0.03
3382,0.02
3383,0.05
3384,0.03
3385,0.02
  0,0.05
  1,0.04
  2,0.04
  3,0.50
  4,0.15
  0,0.05
  1,0.04
  2,0.04
  3,0.00
  4,0.00
  5,0.09
  6,0.00
  7,0.00
  8,0.04
  9,0.00
